"Nom","Code postal","Pays","État","Hub de rattachement","ID"
"AFSOU  ","19127","Maroc","L'Oriental (MA)","HUB_NADOR","19127"
"AGADIR​","19128","Maroc","Souss-Massa (MA)","HUB_AGADIR","19128"
"AGALMOUS  ","19129","Maroc","Béni Mellal-Khénifra (MA)","HUB_BENI MELLAL","19129"
"AGDEZ  ","19130","Maroc","Drâa-Tafilalet (MA)","HUB_OUARZAZATE","19130"
"AGERD​","19131","Maroc","Marrakech-Safi (MA)","HUB_ESSAOUIRA","19131"
"AGHBALA  ","19132","Maroc","Béni Mellal-Khénifra (MA)","HUB_BENI MELLAL","19132"
"AGHBALO NISRDAN  ","19133","Maroc","Béni Mellal-Khénifra (MA)","HUB_BENI MELLAL","19133"
"AGHBALO OKARKAR  ","19134","Maroc","Béni Mellal-Khénifra (MA)","HUB_BENI MELLAL","19134"
"AGLOU​","19135","Maroc","Souss-Massa (MA)","HUB_TIZNIT","19135"
"AGOUIM  ","19136","Maroc","Drâa-Tafilalet (MA)","HUB_OUARZAZATE","19136"
"AGOURAY  ","19137","Maroc","Dakhla-Oued Ed-Dahab (MA)","HUB_CASABLANCA","19137"
"AHFIR​","19138","Maroc","L'Oriental (MA)","HUB_OUJDA","19138"
"AIN HAROUDA ","19139","Maroc","Casablanca-Settat (MA)","HUB_MOHAMMEDIA","19139"
"AIN AAOUDA​","19140","Maroc","Rabat-Salé-Kénitra (MA)","HUB_TEMARA","19140"
"AIN AATIQ​","19141","Maroc","Rabat-Salé-Kénitra (MA)","HUB_TEMARA","19141"
"AIN AICHA  ","19142","Maroc","Béni Mellal-Khénifra (MA)","HUB_BENI MELLAL","19142"
"AIN AICHA  ","19143","Maroc","Fès-Meknès (MA)","HUB_FES","19143"
"AIN ARISS  ","19144","Maroc","Rabat-Salé-Kénitra (MA)","HUB_KENITRA","19144"
"AIN BARDA  ","19145","Maroc","Fès-Meknès (MA)","HUB_FES","19145"
"AIN BNI MATHAR​","19146","Maroc","L'Oriental (MA)","HUB_OUJDA","19146"
"AIN BOUMASSAY  ","19147","Maroc","Fès-Meknès (MA)","HUB_FES","19147"
"AIN CHEGGAG  ","19148","Maroc","Fès-Meknès (MA)","HUB_FES","19148"
"AIN CHQEF  ","19149","Maroc","Fès-Meknès (MA)","HUB_FES","19149"
"AIN DALIA  ","19150","Maroc","Tanger-Tétouan-Al Hoceïma (MA)","HUB_TANGER","19150"
"AIN KICHER  ","19151","Maroc","Béni Mellal-Khénifra (MA)","HUB_KHOURIBGA","19151"
"AIN LAAH  ","19152","Maroc","Fès-Meknès (MA)","HUB_FES","19152"
"AIN LAHCEN  ","19153","Maroc","Tanger-Tétouan-Al Hoceïma (MA)","HUB_TANGER","19153"
"AIN LEGDEH  ","19154","Maroc","Fès-Meknès (MA)","HUB_FES","19154"
"AIN LOUHE  ","19155","Maroc","Fès-Meknès (MA)","HUB_MEKNES","19155"
"AIN MAATOUF  ","19156","Maroc","Fès-Meknès (MA)","HUB_FES","19156"
"AIN MEDIOUNA  ","19157","Maroc","Fès-Meknès (MA)","HUB_FES","19157"
"AIN TAOUJDATE  ","19158","Maroc","Fès-Meknès (MA)","HUB_FES","19158"
"AIN ZOHRA  ","19159","Maroc","L'Oriental (MA)","HUB_NADOR","19159"
"AIT MELLOUL","19775","Maroc","Drâa-Tafilalet (MA)","HUB_MARRAKECH","19775"
"ait meloul","19774","Maroc","L'Oriental (MA)","HUB_MARRAKECH","19774"
"AIT AMIRA​","19160","Maroc","Souss-Massa (MA)","HUB_AGADIR","19160"
"AIT ATTAB  ","19161","Maroc","Béni Mellal-Khénifra (MA)","HUB_BENI MELLAL","19161"
"AIT BAZZA  ","19162","Maroc","Fès-Meknès (MA)","HUB_FES","19162"
"AIT BELKACEM  ","19163","Maroc","Rabat-Salé-Kénitra (MA)","HUB_SALE","19163"
"AIT BENHDDOU  ","19164","Maroc","Drâa-Tafilalet (MA)","HUB_OUARZAZATE","19164"
"AIT DAOUD​","19165","Maroc","Marrakech-Safi (MA)","HUB_ESSAOUIRA","19165"
"AIT IAAZZA​","19166","Maroc","Souss-Massa (MA)","HUB_AGADIR","19166"
"AIT ISHAK  ","19167","Maroc","Béni Mellal-Khénifra (MA)","HUB_BENI MELLAL","19167"
"AIT KAMARA  ","19168","Maroc","Tanger-Tétouan-Al Hoceïma (MA)","HUB_ALHOCEIMA","19168"
"AIT MAJDAN  ","19169","Maroc","Béni Mellal-Khénifra (MA)","HUB_BENI MELLAL","19169"
"AIT MELLOUL​","19170","Maroc","Souss-Massa (MA)","HUB_AGADIR","19170"
"AIT MHAMED  ","19171","Maroc","Béni Mellal-Khénifra (MA)","HUB_BENI MELLAL","19171"
"AIT MILK​","19172","Maroc","Souss-Massa (MA)","HUB_DAKHLA","19172"
"AIT OUALLAL  ","19173","Maroc","Fès-Meknès (MA)","HUB_FES","19173"
"AIT OUFELLA ","19174","Maroc","Fès-Meknès (MA)","HUB_MEKNES","19174"
"AIT OUMRIBET​","19175","Maroc","Souss-Massa (MA)","HUB_TIZNIT","19175"
"AIT OURIR  ","19176","Maroc","Marrakech-Safi (MA)","HUB_MARRAKECH","19176"
"AIT SEBAA  ","19177","Maroc","Fès-Meknès (MA)","HUB_FES","19177"
"AIT SEDRAT  ","19178","Maroc","Drâa-Tafilalet (MA)","HUB_OUARZAZATE","19178"
"AJDIR GZENAYA ","19180","Maroc","Tanger-Tétouan-Al Hoceïma (MA)","HUB_ALHOCEIMA","19180"
"AJDIR  ","19179","Maroc","Tanger-Tétouan-Al Hoceïma (MA)","HUB_ALHOCEIMA","19179"
"AKLIM  ","19181","Maroc","L'Oriental (MA)","HUB_NADOR","19181"
"AKNOUL​","19182","Maroc","Fès-Meknès (MA)","HUB_TAZA","19182"
"ALLAL LBEHRAOUI  ","19185","Maroc","Rabat-Salé-Kénitra (MA)","HUB_SALE","19185"
"ALLAL TAZI  ","19186","Maroc","Rabat-Salé-Kénitra (MA)","HUB_KENITRA","19186"
"ALMIS GUIGOU  ","19187","Maroc","Fès-Meknès (MA)","HUB_FES","19187"
"ALMIS MARMOUCHA  ","19188","Maroc","Fès-Meknès (MA)","HUB_FES","19188"
"ALNIF  ","19189","Maroc","Drâa-Tafilalet (MA)","HUB_ERRACHIDIA","19189"
"AL AROUI  ","19183","Maroc","L'Oriental (MA)","HUB_NADOR","19183"
"AL HOCEIMA  ","19184","Maroc","Tanger-Tétouan-Al Hoceïma (MA)","HUB_ALHOCEIMA","19184"
"AMERZGANE  ","19190","Maroc","Drâa-Tafilalet (MA)","HUB_OUARZAZATE","19190"
"AMESKROUD​","19191","Maroc","Souss-Massa (MA)","HUB_AGADIR","19191"
"AMSA  ","19192","Maroc","Tanger-Tétouan-Al Hoceïma (MA)","HUB_TANGER","19192"
"AMTAR  ","19193","Maroc","Tanger-Tétouan-Al Hoceïma (MA)","HUB_TANGER","19193"
"AMZMIZ  ","19194","Maroc","Marrakech-Safi (MA)","HUB_MARRAKECH","19194"
"ANZA​","19195","Maroc","Souss-Massa (MA)","HUB_AGADIR","19195"
"ANZI​","19196","Maroc","Souss-Massa (MA)","HUB_TIZNIT","19196"
"AOUFOUS  ","19197","Maroc","Drâa-Tafilalet (MA)","HUB_ERRACHIDIA","19197"
"AOULOUZ​","19198","Maroc","Laâyoune-Sakia El Hamra (MA)","HUB_LAAYOUNE","19198"
"AOURIR​","19199","Maroc","Souss-Massa (MA)","HUB_AGADIR","19199"
"AQCHOUR  ","19200","Maroc","Tanger-Tétouan-Al Hoceïma (MA)","HUB_TANGER","19200"
"AQERMUD​","19201","Maroc","Marrakech-Safi (MA)","HUB_ESSAOUIRA","19201"
"ARBAA MESTI​","19202","Maroc","Souss-Massa (MA)","HUB_TIZNIT","19202"
"ARBAA SHOUL  ","19203","Maroc","Rabat-Salé-Kénitra (MA)","HUB_SALE","19203"
"ARHBALOU AKORARE  ","19204","Maroc","Fès-Meknès (MA)","HUB_FES","19204"
"ASJEN  ","19205","Maroc","Rabat-Salé-Kénitra (MA)","HUB_KENITRA","19205"
"ASNI  ","19206","Maroc","Marrakech-Safi (MA)","HUB_MARRAKECH","19206"
"ASSA​","19207","Maroc","Guelmim-Oued Noun (MA)","HUB_GUELMIM","19207"
"ASSEBBAB  ","19208","Maroc","L'Oriental (MA)","HUB_NADOR","19208"
"ASSILAH  ","19209","Maroc","Tanger-Tétouan-Al Hoceïma (MA)","HUB_TANGER","19209"
"AZARZOU  ","19210","Maroc","Béni Mellal-Khénifra (MA)","HUB_BENI MELLAL","19210"
"AZEMOUR​","19211","Maroc","Casablanca-Settat (MA)","HUB_EL JADIDA","19211"
"AZILAL  ","19212","Maroc","Béni Mellal-Khénifra (MA)","HUB_BENI MELLAL","19212"
"AZLA  ","19213","Maroc","Tanger-Tétouan-Al Hoceïma (MA)","HUB_TANGER","19213"
"AZROU  ","19214","Maroc","Fès-Meknès (MA)","HUB_MEKNES","19214"
"AZZABA  ","19215","Maroc","Fès-Meknès (MA)","HUB_FES","19215"
"BAB BERED  ","19216","Maroc","Tanger-Tétouan-Al Hoceïma (MA)","HUB_TANGER","19216"
"BAB BOUDIR​","19217","Maroc","Fès-Meknès (MA)","HUB_TAZA","19217"
"BAB MARZOUGA​","19218","Maroc","Fès-Meknès (MA)","HUB_TAZA","19218"
"BAB OUANDAR  ","19219","Maroc","Fès-Meknès (MA)","HUB_FES","19219"
"BAB TAZA  ","19220","Maroc","Tanger-Tétouan-Al Hoceïma (MA)","HUB_TANGER","19220"
"BARAKATE ERRADI​","19221","Maroc","Marrakech-Safi (MA)","HUB_ESSAOUIRA","19221"
"BELFAA​","19222","Maroc","Souss-Massa (MA)","HUB_TIZNIT","19222"
"BELFAA​","19223","Maroc","Souss-Massa (MA)","HUB_AGADIR","19223"
"BELYOUNOCH  ","19224","Maroc","Tanger-Tétouan-Al Hoceïma (MA)","HUB_TANGER","19224"
"BENI MELLAL","19230","Maroc","Béni Mellal-Khénifra (MA)","HUB_BENI MELLAL","19230"
"BENI ABDELLAH  ","19231","Maroc","Tanger-Tétouan-Al Hoceïma (MA)","HUB_ALHOCEIMA","19231"
"BEN SLIMAN ","19225","Maroc","Casablanca-Settat (MA)","HUB_MOHAMMEDIA","19225"
"BEN GRIR  ","19226","Maroc","Marrakech-Safi (MA)","HUB_MARRAKECH","19226"
"BEN HMED  ","19227","Maroc","Béni Mellal-Khénifra (MA)","HUB_KHOURIBGA","19227"
"BEN MANSOUR  ","19228","Maroc","Rabat-Salé-Kénitra (MA)","HUB_KENITRA","19228"
"BEN TAEIB  ","19229","Maroc","L'Oriental (MA)","HUB_NADOR","19229"
"BERKANE​","19232","Maroc","L'Oriental (MA)","HUB_OUJDA","19232"
"BERRCHID ","19233","Maroc","Casablanca-Settat (MA)","HUB_CASABLANCA","19233"
"BHALIL  ","19234","Maroc","Fès-Meknès (MA)","HUB_FES","19234"
"BIN LWIDAN  ","19235","Maroc","Béni Mellal-Khénifra (MA)","HUB_BENI MELLAL","19235"
"BIOUGRA​","19236","Maroc","Souss-Massa (MA)","HUB_AGADIR","19236"
"BIRIYECH  ","19239","Maroc","Tanger-Tétouan-Al Hoceïma (MA)","HUB_TANGER","19239"
"BIRKOUATE​","19240","Maroc","Marrakech-Safi (MA)","HUB_ESSAOUIRA","19240"
"BIR MEZOUI  ","19237","Maroc","Béni Mellal-Khénifra (MA)","HUB_KHOURIBGA","19237"
"BIR TAMTAM  ","19238","Maroc","Fès-Meknès (MA)","HUB_FES","19238"
"BITTIT  ","19241","Maroc","Fès-Meknès (MA)","HUB_FES","19241"
"BIZDAD​","19242","Maroc","Marrakech-Safi (MA)","HUB_ESSAOUIRA","19242"
"BNIDRAR​","19253","Maroc","L'Oriental (MA)","HUB_OUJDA","19253"
"BNI KHLOUG ","19243","Maroc","Casablanca-Settat (MA)","HUB_SETTAT","19243"
"BNI AAYAT  ","19244","Maroc","Béni Mellal-Khénifra (MA)","HUB_BENI MELLAL","19244"
"BNI ANSAR  ","19245","Maroc","L'Oriental (MA)","HUB_NADOR","19245"
"BNI BOUAYACH  ","19246","Maroc","Tanger-Tétouan-Al Hoceïma (MA)","HUB_ALHOCEIMA","19246"
"BNI BOUFRAH  ","19247","Maroc","Tanger-Tétouan-Al Hoceïma (MA)","HUB_ALHOCEIMA","19247"
"BNI FRASSEN​","19248","Maroc","Fès-Meknès (MA)","HUB_TAZA","19248"
"BNI HADIFA  ","19249","Maroc","Tanger-Tétouan-Al Hoceïma (MA)","HUB_ALHOCEIMA","19249"
"BNI KORRA  ","19250","Maroc","Fès-Meknès (MA)","HUB_FES","19250"
"BNI SAID  ","19251","Maroc","Tanger-Tétouan-Al Hoceïma (MA)","HUB_TANGER","19251"
"BNI SIDEL LOUTA  ","19252","Maroc","L'Oriental (MA)","HUB_NADOR","19252"
"BOIZAKARNE​","19254","Maroc","Guelmim-Oued Noun (MA)","HUB_GUELMIM","19254"
"BOUARG  ","19255","Maroc","L'Oriental (MA)","HUB_NADOR","19255"
"BOUAROUS  ","19256","Maroc","Fès-Meknès (MA)","HUB_FES","19256"
"BOUCHABEL  ","19257","Maroc","Fès-Meknès (MA)","HUB_FES","19257"
"BOUDERBALA  ","19258","Maroc","Fès-Meknès (MA)","HUB_MEKNES","19258"
"BOUDNIB  ","19259","Maroc","Drâa-Tafilalet (MA)","HUB_ERRACHIDIA","19259"
"BOUFEKRAN  ","19260","Maroc","Fès-Meknès (MA)","HUB_MEKNES","19260"
"BOUGUEDRA​","19261","Maroc","Marrakech-Safi (MA)","HUB_SAFI","19261"
"BOUHLOU​","19262","Maroc","Fès-Meknès (MA)","HUB_TAZA","19262"
"BOUHOUDA  ","19263","Maroc","Fès-Meknès (MA)","HUB_FES","19263"
"BOUJAAD  ","19264","Maroc","Béni Mellal-Khénifra (MA)","HUB_KHOURIBGA","19264"
"BOUJNIBA  ","19265","Maroc","Béni Mellal-Khénifra (MA)","HUB_KHOURIBGA","19265"
"BOUKCHMIR  ","19266","Maroc","Rabat-Salé-Kénitra (MA)","HUB_SALE","19266"
"BOUKIDAN  ","19267","Maroc","Tanger-Tétouan-Al Hoceïma (MA)","HUB_ALHOCEIMA","19267"
"BOULAAJOUL  ","19268","Maroc","Fès-Meknès (MA)","HUB_MEKNES","19268"
"BOULANOUAR  ","19269","Maroc","Béni Mellal-Khénifra (MA)","HUB_KHOURIBGA","19269"
"BOULKNADEL  ","19270","Maroc","Rabat-Salé-Kénitra (MA)","HUB_SALE","19270"
"BOULMANE  ","19271","Maroc","Fès-Meknès (MA)","HUB_FES","19271"
"BOUMALNE DADES  ","19272","Maroc","Drâa-Tafilalet (MA)","HUB_OUARZAZATE","19272"
"BOUMIA ","19274","Maroc","Béni Mellal-Khénifra (MA)","HUB_BENI MELLAL","19274"
"BOUMIA  ","19273","Maroc","Béni Mellal-Khénifra (MA)","HUB_BENI MELLAL","19273"
"BOUNAAMANE​","19275","Maroc","Souss-Massa (MA)","HUB_TIZNIT","19275"
"BOUSKOURA ","19276","Maroc","Casablanca-Settat (MA)","HUB_CASABLANCA","19276"
"BOUYAFAR  ","19277","Maroc","L'Oriental (MA)","HUB_NADOR","19277"
"BOUZEMLANE  ","19278","Maroc","Fès-Meknès (MA)","HUB_FES","19278"
"BOUZNIKA ","19279","Maroc","Casablanca-Settat (MA)","HUB_MOHAMMEDIA","19279"
"BZOU  ","19280","Maroc","Béni Mellal-Khénifra (MA)","HUB_BENI MELLAL","19280"
"CAPO NEGRO  ","19281","Maroc","Tanger-Tétouan-Al Hoceïma (MA)","HUB_TANGER","19281"
"CASABLANCA","42","Maroc","Casablanca-Settat (MA)","HUB_CASABLANCA","42"
"CHEFCHAOUEN  ","19283","Maroc","Tanger-Tétouan-Al Hoceïma (MA)","HUB_TANGER","19283"
"CHICHAWA  ","19284","Maroc","Marrakech-Safi (MA)","HUB_MARRAKECH","19284"
"CHTOUKA​","19286","Maroc","Casablanca-Settat (MA)","HUB_EL JADIDA","19286"
"CHTOUKA AIT BAHA​","19285","Maroc","Souss-Massa (MA)","HUB_AGADIR","19285"
"CHWITAR  ","19287","Maroc","Marrakech-Safi (MA)","HUB_MARRAKECH","19287"
"COMMUNE BOUABOUT​","19288","Maroc","Marrakech-Safi (MA)","HUB_ESSAOUIRA","19288"
"COMMUNE ISHAK​","19289","Maroc","Marrakech-Safi (MA)","HUB_ESSAOUIRA","19289"
"COMMUNE KORIMATE​","19290","Maroc","Marrakech-Safi (MA)","HUB_ESSAOUIRA","19290"
"COMMUNE MEJJI​","19291","Maroc","Marrakech-Safi (MA)","HUB_ESSAOUIRA","19291"
"COMMUNE MRAMER​","19292","Maroc","Marrakech-Safi (MA)","HUB_ESSAOUIRA","19292"
"DAAIDAT  ","19293","Maroc","Tanger-Tétouan-Al Hoceïma (MA)","HUB_TANGER","19293"
"DAKHLA​","19294","Maroc","Dakhla-Oued Ed-Dahab (MA)","HUB_DAKHLA","19294"
"DAMNATE  ","19295","Maroc","Béni Mellal-Khénifra (MA)","HUB_BENI MELLAL","19295"
"DAR BOUAZA ","19296","Maroc","Casablanca-Settat (MA)","HUB_CASABLANCA","19296"
"DAROUA ","19304","Maroc","Casablanca-Settat (MA)","HUB_CASABLANCA","19304"
"DAR BELAMRI  ","19297","Maroc","Rabat-Salé-Kénitra (MA)","HUB_KENITRA","19297"
"DAR EL HAMRA  ","19298","Maroc","Fès-Meknès (MA)","HUB_FES","19298"
"DAR EL KEBDANI  ","19299","Maroc","L'Oriental (MA)","HUB_NADOR","19299"
"DAR GUEDDARI  ","19300","Maroc","Rabat-Salé-Kénitra (MA)","HUB_KENITRA","19300"
"DAR LAASLOUJI  ","19301","Maroc","Rabat-Salé-Kénitra (MA)","HUB_KENITRA","19301"
"DAR LQAYD SI ISSA​","19302","Maroc","Marrakech-Safi (MA)","HUB_SAFI","19302"
"DAR SI ISSA​","19303","Maroc","Marrakech-Safi (MA)","HUB_SAFI","19303"
"DAYET AOUA  ","19305","Maroc","Fès-Meknès (MA)","HUB_FES","19305"
"DCHEIRA​","19306","Maroc","Souss-Massa (MA)","HUB_AGADIR","19306"
"DEBDOU​","19307","Maroc","L'Oriental (MA)","HUB_OUJDA","19307"
"DERDARA  ","19308","Maroc","Tanger-Tétouan-Al Hoceïma (MA)","HUB_TANGER","19308"
"DIKI  ","19309","Maroc","Tanger-Tétouan-Al Hoceïma (MA)","HUB_TANGER","19309"
"DLALHA ","19310","Maroc","Rabat-Salé-Kénitra (MA)","HUB_KENITRA","19310"
"DRARGA​","19311","Maroc","Souss-Massa (MA)","HUB_AGADIR","19311"
"DRIOUCH  ","19312","Maroc","L'Oriental (MA)","HUB_NADOR","19312"
"ECHEMMAIA​","19313","Maroc","Marrakech-Safi (MA)","HUB_SAFI","19313"
"EDDALYA  ","19314","Maroc","Tanger-Tétouan-Al Hoceïma (MA)","HUB_TANGER","19314"
"EL BROUJ ","19315","Maroc","Casablanca-Settat (MA)","HUB_SETTAT","19315"
"EL FOKRA ","19316","Maroc","Béni Mellal-Khénifra (MA)","HUB_KHOURIBGA","19316"
"EL GARA","19126","Maroc","Casablanca-Settat (MA)","HUB_CASABLANCA","19126"
"EL ADREJ  ","19317","Maroc","Fès-Meknès (MA)","HUB_FES","19317"
"EL AOUAMRA  ","19318","Maroc","Tanger-Tétouan-Al Hoceïma (MA)","HUB_TANGER","19318"
"EL ARBAA DU RHARB  ","19319","Maroc","Rabat-Salé-Kénitra (MA)","HUB_KENITRA","19319"
"EL BADOUZA​","19320","Maroc","Marrakech-Safi (MA)","HUB_SAFI","19320"
"EL BESSABSSA  ","19321","Maroc","Fès-Meknès (MA)","HUB_FES","19321"
"EL GHAZOUA​","19322","Maroc","Marrakech-Safi (MA)","HUB_ESSAOUIRA","19322"
"EL GOUFFAF  ","19323","Maroc","Béni Mellal-Khénifra (MA)","HUB_KHOURIBGA","19323"
"EL HADDADA  ","19324","Maroc","Rabat-Salé-Kénitra (MA)","HUB_KENITRA","19324"
"EL HAJEB  ","19326","Maroc","Fès-Meknès (MA)","HUB_MEKNES","19326"
"EL HAJ KADOUR  ","19325","Maroc","Fès-Meknès (MA)","HUB_MEKNES","19325"
"EL HAMMAM JBEL DOUM  ","19327","Maroc","Rabat-Salé-Kénitra (MA)","HUB_SALE","19327"
"EL JADIDA​","19328","Maroc","Casablanca-Settat (MA)","HUB_EL JADIDA","19328"
"EL JEBEHA ","19329","Maroc","Tanger-Tétouan-Al Hoceïma (MA)","HUB_TANGER","19329"
"EL JORF  ","19330","Maroc","Drâa-Tafilalet (MA)","HUB_ERRACHIDIA","19330"
"EL KENSARA  ","19331","Maroc","Rabat-Salé-Kénitra (MA)","HUB_SALE","19331"
"EL MELHA  ","19332","Maroc","Rabat-Salé-Kénitra (MA)","HUB_KENITRA","19332"
"EL MENZEL ","19333","Maroc","Fès-Meknès (MA)","HUB_FES","19333"
"EL MERS  ","19334","Maroc","Fès-Meknès (MA)","HUB_FES","19334"
"EL MORHRANE  ","19335","Maroc","Rabat-Salé-Kénitra (MA)","HUB_KENITRA","19335"
"EL OUATIA TANTAN​","19336","Maroc","Guelmim-Oued Noun (MA)","HUB_GUELMIM","19336"
"ENJIL AIT LAHCEN  ","19338","Maroc","Fès-Meknès (MA)","HUB_FES","19338"
"ENJIL  ","19337","Maroc","Fès-Meknès (MA)","HUB_FES","19337"
"ERFOUD  ","19339","Maroc","Drâa-Tafilalet (MA)","HUB_ERRACHIDIA","19339"
"ERRACHIDIA  ","19340","Maroc","Drâa-Tafilalet (MA)","HUB_ERRACHIDIA","19340"
"ESSAOUIRA​","19341","Maroc","Marrakech-Safi (MA)","HUB_ESSAOUIRA","19341"
"ESSIFA  ","19342","Maroc","Drâa-Tafilalet (MA)","HUB_ERRACHIDIA","19342"
"FAMOUDI  ","19344","Maroc","Béni Mellal-Khénifra (MA)","HUB_BENI MELLAL","19344"
"FAM EL HISN​","19343","Maroc","Guelmim-Oued Noun (MA)","HUB_GUELMIM","19343"
"FARKHANA  ","19345","Maroc","L'Oriental (MA)","HUB_NADOR","19345"
"FARYATA  ","19346","Maroc","Béni Mellal-Khénifra (MA)","HUB_BENI MELLAL","19346"
"FASK​","19347","Maroc","Guelmim-Oued Noun (MA)","HUB_GUELMIM","19347"
"FASSISS  ","19348","Maroc","Béni Mellal-Khénifra (MA)","HUB_KHOURIBGA","19348"
"FEDALA ","19349","Maroc","Casablanca-Settat (MA)","HUB_MOHAMMEDIA","19349"
"FERSSIOUA  ","19350","Maroc","Tanger-Tétouan-Al Hoceïma (MA)","HUB_TANGER","19350"
"FES  ","19351","Maroc","Fès-Meknès (MA)","HUB_FES","19351"
"FKIH BEN SALAH  ","19352","Maroc","Béni Mellal-Khénifra (MA)","HUB_BENI MELLAL","19352"
"FNIDEQ  ","19353","Maroc","Tanger-Tétouan-Al Hoceïma (MA)","HUB_TANGER","19353"
"FORET DÉPLOMATIQUE ( HAOUARA)  ","19354","Maroc","Tanger-Tétouan-Al Hoceïma (MA)","HUB_TANGER","19354"
"FOUM JAMAA  ","19355","Maroc","Béni Mellal-Khénifra (MA)","HUB_BENI MELLAL","19355"
"FOUM ZGUID ","19356","Maroc","Drâa-Tafilalet (MA)","HUB_OUARZAZATE","19356"
"GALAZ  ","19357","Maroc","Fès-Meknès (MA)","HUB_FES","19357"
"GHAFSAI  ","19358","Maroc","Fès-Meknès (MA)","HUB_FES","19358"
"GHOUAZI  ","19359","Maroc","Fès-Meknès (MA)","HUB_FES","19359"
"GOULMIMA  ","19360","Maroc","Drâa-Tafilalet (MA)","HUB_ERRACHIDIA","19360"
"GUELMDAMANE​","19361","Maroc","Fès-Meknès (MA)","HUB_TAZA","19361"
"GUELMIM​","19362","Maroc","Guelmim-Oued Noun (MA)","HUB_GUELMIM","19362"
"GUENFOUDA​","19363","Maroc","L'Oriental (MA)","HUB_OUJDA","19363"
"GUERCIF​","19364","Maroc","Fès-Meknès (MA)","HUB_TAZA","19364"
"GUIGOU  ","19365","Maroc","Fès-Meknès (MA)","HUB_FES","19365"
"GUISSER ","19366","Maroc","Casablanca-Settat (MA)","HUB_SETTAT","19366"
"HADDADA EL GHARB  ","19377","Maroc","Rabat-Salé-Kénitra (MA)","HUB_KENITRA","19377"
"HAD SOUALAM ","19367","Maroc","Casablanca-Settat (MA)","HUB_CASABLANCA","19367"
"HAD AIT MIMOUN  ","19368","Maroc","Rabat-Salé-Kénitra (MA)","HUB_SALE","19368"
"HAD AIT OURIBEL  ","19369","Maroc","Rabat-Salé-Kénitra (MA)","HUB_KENITRA","19369"
"HAD BNI CHIKER  ","19370","Maroc","L'Oriental (MA)","HUB_NADOR","19370"
"HAD BRACHOUA  ","19371","Maroc","Rabat-Salé-Kénitra (MA)","HUB_SALE","19371"
"HAD DRAA​","19372","Maroc","Marrakech-Safi (MA)","HUB_ESSAOUIRA","19372"
"HAD GHARBIA  ","19373","Maroc","Tanger-Tétouan-Al Hoceïma (MA)","HUB_TANGER","19373"
"HAD LBRADIA  ","19374","Maroc","Béni Mellal-Khénifra (MA)","HUB_BENI MELLAL","19374"
"HAD OLD FRAJ​","19375","Maroc","Casablanca-Settat (MA)","HUB_EL JADIDA","19375"
"HAD RHOUALEM  ","19376","Maroc","Rabat-Salé-Kénitra (MA)","HUB_SALE","19376"
"HAKAMA  ","19378","Maroc","Tanger-Tétouan-Al Hoceïma (MA)","HUB_TANGER","19378"
"HAOUDRAN  ","19379","Maroc","Rabat-Salé-Kénitra (MA)","HUB_SALE","19379"
"HARHOURA​","19380","Maroc","Rabat-Salé-Kénitra (MA)","HUB_TEMARA","19380"
"HASSI BERKAN  ","19381","Maroc","L'Oriental (MA)","HUB_NADOR","19381"
"HASSI BILAL​","19382","Maroc","L'Oriental (MA)","HUB_OUJDA","19382"
"HATTANE  ","19383","Maroc","Béni Mellal-Khénifra (MA)","HUB_KHOURIBGA","19383"
"IDA OU KAZZOU​","19384","Maroc","Marrakech-Safi (MA)","HUB_ESSAOUIRA","19384"
"IDELSANE  ","19385","Maroc","Drâa-Tafilalet (MA)","HUB_OUARZAZATE","19385"
"IFRAN  ","19386","Maroc","Fès-Meknès (MA)","HUB_MEKNES","19386"
"IGHEZREN  ","19387","Maroc","Fès-Meknès (MA)","HUB_FES","19387"
"IGHRAM LAGHLAM  ","19388","Maroc","Béni Mellal-Khénifra (MA)","HUB_BENI MELLAL","19388"
"IGHREM​","19390","Maroc","Souss-Massa (MA)","HUB_TIZNIT","19390"
"IGHREM N'OUGDAL  ","19389","Maroc","Drâa-Tafilalet (MA)","HUB_OUARZAZATE","19389"
"IHDDADEN  ","19391","Maroc","L'Oriental (MA)","HUB_NADOR","19391"
"IKKAOUEN  ","19392","Maroc","Fès-Meknès (MA)","HUB_FES","19392"
"IKNIOUEN  ","19393","Maroc","Drâa-Tafilalet (MA)","HUB_OUARZAZATE","19393"
"IMINTANOUT  ","19395","Maroc","Marrakech-Safi (MA)","HUB_MARRAKECH","19395"
"IMI NFAST​","19394","Maroc","Guelmim-Oued Noun (MA)","HUB_GUELMIM","19394"
"IMLIL  ","19396","Maroc","Béni Mellal-Khénifra (MA)","HUB_BENI MELLAL","19396"
"IMMOUZZER KANDER  ","19397","Maroc","Fès-Meknès (MA)","HUB_FES","19397"
"IMOUZZER MARMOUCHA  ","19398","Maroc","Fès-Meknès (MA)","HUB_FES","19398"
"IMSOUANE​","19399","Maroc","Marrakech-Safi (MA)","HUB_ESSAOUIRA","19399"
"IMZOUREN  ","19400","Maroc","Tanger-Tétouan-Al Hoceïma (MA)","HUB_ALHOCEIMA","19400"
"INEZGANE​","19401","Maroc","Souss-Massa (MA)","HUB_AGADIR","19401"
"ISSAGEN  ","19402","Maroc","Tanger-Tétouan-Al Hoceïma (MA)","HUB_ALHOCEIMA","19402"
"IZEMMOUREN  ","19404","Maroc","Tanger-Tétouan-Al Hoceïma (MA)","HUB_ALHOCEIMA","19404"
"IZEMMOUREN  ","19403","Maroc","Tanger-Tétouan-Al Hoceïma (MA)","HUB_ALHOCEIMA","19403"
"IZERBI​","19405","Maroc","Souss-Massa (MA)","HUB_TIZNIT","19405"
"JABRIA​","19406","Maroc","Casablanca-Settat (MA)","HUB_EL JADIDA","19406"
"JAMAA IDAOUSSEMLAL​","19407","Maroc","Souss-Massa (MA)","HUB_TIZNIT","19407"
"JAMAA SHAIM​","19408","Maroc","Marrakech-Safi (MA)","HUB_SAFI","19408"
"JBABRA  ","19409","Maroc","Fès-Meknès (MA)","HUB_FES","19409"
"JBEL LHBIB  ","19410","Maroc","Tanger-Tétouan-Al Hoceïma (MA)","HUB_TANGER","19410"
"JDOURE​","19411","Maroc","Marrakech-Safi (MA)","HUB_SAFI","19411"
"JEMAAT-RIAH  ","19414","Maroc","Béni Mellal-Khénifra (MA)","HUB_KHOURIBGA","19414"
"JEMAA HAOUAFATE  ","19412","Maroc","Rabat-Salé-Kénitra (MA)","HUB_KENITRA","19412"
"JEMAA MOUL LEBLAD  ","19413","Maroc","Rabat-Salé-Kénitra (MA)","HUB_SALE","19413"
"JNAN ANNICH  ","19415","Maroc","Tanger-Tétouan-Al Hoceïma (MA)","HUB_TANGER","19415"
"JORF MALHA  ","19416","Maroc","Rabat-Salé-Kénitra (MA)","HUB_KENITRA","19416"
"JORF SFAR​","19417","Maroc","Casablanca-Settat (MA)","HUB_EL JADIDA","19417"
"JRADA​","19418","Maroc","L'Oriental (MA)","HUB_OUJDA","19418"
"KAHF NSOUR  ","19419","Maroc","Béni Mellal-Khénifra (MA)","HUB_BENI MELLAL","19419"
"KALAAT SENADA  ","19421","Maroc","Tanger-Tétouan-Al Hoceïma (MA)","HUB_ALHOCEIMA","19421"
"KALAA DES SRAGHNA  ","19420","Maroc","Marrakech-Safi (MA)","HUB_MARRAKECH","19420"
"KARIAT ARCKMANE ","19423","Maroc","L'Oriental (MA)","HUB_NADOR","19423"
"KARIAT BA MOHAMED  ","19424","Maroc","Fès-Meknès (MA)","HUB_FES","19424"
"KARIA BENAOUDA  ","19422","Maroc","Rabat-Salé-Kénitra (MA)","HUB_KENITRA","19422"
"KASBAT TADLA  ","19426","Maroc","Béni Mellal-Khénifra (MA)","HUB_BENI MELLAL","19426"
"KASBA ","19425","Maroc","Casablanca-Settat (MA)","HUB_SETTAT","19425"
"KASSARAT  ","19427","Maroc","Fès-Meknès (MA)","HUB_FES","19427"
"KASSITA  ","19428","Maroc","L'Oriental (MA)","HUB_NADOR","19428"
"KELAAT M'GOUNA  ","19429","Maroc","Drâa-Tafilalet (MA)","HUB_OUARZAZATE","19429"
"KENITRA  ","19430","Maroc","Rabat-Salé-Kénitra (MA)","HUB_KENITRA","19430"
"KHEMIS AIT YADDINE  ","19431","Maroc","Rabat-Salé-Kénitra (MA)","HUB_SALE","19431"
"KHEMIS NKHEILA  ","19432","Maroc","Rabat-Salé-Kénitra (MA)","HUB_SALE","19432"
"KHEMIS SIDI YAHIA  ","19433","Maroc","Rabat-Salé-Kénitra (MA)","HUB_SALE","19433"
"KHENICHET  ","19434","Maroc","Rabat-Salé-Kénitra (MA)","HUB_KENITRA","19434"
"KHENIFRA  ","19435","Maroc","Béni Mellal-Khénifra (MA)","HUB_BENI MELLAL","19435"
"KHENISHAT  ","19436","Maroc","Rabat-Salé-Kénitra (MA)","HUB_KENITRA","19436"
"KHLALFA  ","19437","Maroc","Fès-Meknès (MA)","HUB_FES","19437"
"KHMIS ANJRA  ","19438","Maroc","Tanger-Tétouan-Al Hoceïma (MA)","HUB_TANGER","19438"
"KHMIS D MDIK  ","19439","Maroc","Tanger-Tétouan-Al Hoceïma (MA)","HUB_TANGER","19439"
"KHNISS AIT WAHI  ","19440","Maroc","Rabat-Salé-Kénitra (MA)","HUB_SALE","19440"
"khouribga","19442","Maroc","Tanger-Tétouan-Al Hoceïma (MA)","HUB_TANGER","19442"
"KSAR LKBIR","19441","Maroc","Tanger-Tétouan-Al Hoceïma (MA)","HUB_TANGER","19441"
"KSAR EL SGHIR  ","19443","Maroc","Tanger-Tétouan-Al Hoceïma (MA)","HUB_TANGER","19443"
"LAATAWIA  ","19444","Maroc","Marrakech-Safi (MA)","HUB_MARRAKECH","19444"
"LAAYOUNE​","19446","Maroc","Laâyoune-Sakia El Hamra (MA)","HUB_LAAYOUNE","19446"
"LAAYOUNE CHARKIA​","19445","Maroc","L'Oriental (MA)","HUB_OUJDA","19445"
"LAKBAB  ","19447","Maroc","Béni Mellal-Khénifra (MA)","HUB_BENI MELLAL","19447"
"LAKHERACHEFA  ","19448","Maroc","Tanger-Tétouan-Al Hoceïma (MA)","HUB_TANGER","19448"
"LAKHSAS​","19449","Maroc","Souss-Massa (MA)","HUB_TIZNIT","19449"
"LAKSIBA  ","19450","Maroc","Béni Mellal-Khénifra (MA)","HUB_BENI MELLAL","19450"
"LALLA MIMOUNA  ","19451","Maroc","Rabat-Salé-Kénitra (MA)","HUB_KENITRA","19451"
"LALLA MIMOUNA  ","19452","Maroc","Rabat-Salé-Kénitra (MA)","HUB_KENITRA","19452"
"LAMNAKRA EL HADDADA  ","19453","Maroc","Rabat-Salé-Kénitra (MA)","HUB_KENITRA","19453"
"LAMRISS​","19454","Maroc","L'Oriental (MA)","HUB_OUJDA","19454"
"LARACHE  ","19455","Maroc","Tanger-Tétouan-Al Hoceïma (MA)","HUB_TANGER","19455"
"LARBAA AYACHA  ","19456","Maroc","Tanger-Tétouan-Al Hoceïma (MA)","HUB_TANGER","19456"
"LEGZIRA​","19457","Maroc","Souss-Massa (MA)","HUB_TIZNIT","19457"
"LEKHMISSAT  ","19458","Maroc","Rabat-Salé-Kénitra (MA)","HUB_SALE","19458"
"LEMRIJA​","19459","Maroc","L'Oriental (MA)","HUB_OUJDA","19459"
"LGARA  ","19460","Maroc","Béni Mellal-Khénifra (MA)","HUB_KHOURIBGA","19460"
"LHAD RAS L3IN  ","19461","Maroc","Marrakech-Safi (MA)","HUB_MARRAKECH","19461"
"LOUDAYA  ","19462","Maroc","Marrakech-Safi (MA)","HUB_MARRAKECH","19462"
"LOULJA  ","19463","Maroc","Fès-Meknès (MA)","HUB_FES","19463"
"MACHRA BELKSSIRI  ","19465","Maroc","Rabat-Salé-Kénitra (MA)","HUB_KENITRA","19465"
"MARRAKECH  ","19466","Maroc","Marrakech-Safi (MA)","HUB_MARRAKECH","19466"
"MARTIL  ","19467","Maroc","Tanger-Tétouan-Al Hoceïma (MA)","HUB_TANGER","19467"
"MASSA​","19469","Maroc","Souss-Massa (MA)","HUB_AGADIR","19469"
"MASSA​","19468","Maroc","Souss-Massa (MA)","HUB_TIZNIT","19468"
"MATMATA  ","19470","Maroc","Fès-Meknès (MA)","HUB_FES","19470"
"M'DIQ  ","19471","Maroc","Tanger-Tétouan-Al Hoceïma (MA)","HUB_TANGER","19471"
"MÉDIOUNA","19474","Maroc","Drâa-Tafilalet (MA)","HUB_ERRACHIDIA","19474"
"MEHDIA  ","19472","Maroc","Rabat-Salé-Kénitra (MA)","HUB_KENITRA","19472"
"MEKNES","19473","Maroc","Fès-Meknès (MA)","HUB_MEKNES","19473"
"MELLILA  ","19475","Maroc","Béni Mellal-Khénifra (MA)","HUB_KHOURIBGA","19475"
"MELOUSSA  ","19476","Maroc","Tanger-Tétouan-Al Hoceïma (MA)","HUB_TANGER","19476"
"MERZOGA ","19477","Maroc","Drâa-Tafilalet (MA)","HUB_ERRACHIDIA","19477"
"MESKALA​","19478","Maroc","Marrakech-Safi (MA)","HUB_ESSAOUIRA","19478"
"MESSASSA  ","19479","Maroc","Fès-Meknès (MA)","HUB_FES","19479"
"MESSOUSSATE  ","19480","Maroc","L'Oriental (MA)","HUB_NADOR","19480"
"MEZRAOUA  ","19481","Maroc","Fès-Meknès (MA)","HUB_FES","19481"
"M'GARTO  ","19482","Maroc","Béni Mellal-Khénifra (MA)","HUB_KHOURIBGA","19482"
"MGHILA  ","19483","Maroc","Béni Mellal-Khénifra (MA)","HUB_BENI MELLAL","19483"
"MHAMID EL GHIZLANE  ","19484","Maroc","Drâa-Tafilalet (MA)","HUB_OUARZAZATE","19484"
"M'HAYA  ","19485","Maroc","Fès-Meknès (MA)","HUB_FES","19485"
"MIDAR  ","19486","Maroc","L'Oriental (MA)","HUB_NADOR","19486"
"MIDELT  ","19487","Maroc","Fès-Meknès (MA)","HUB_MEKNES","19487"
"MIRLEFT​","19488","Maroc","Souss-Massa (MA)","HUB_TIZNIT","19488"
"MISSOUR  ","19489","Maroc","Fès-Meknès (MA)","HUB_FES","19489"
"MKAM TOLBA  ","19490","Maroc","Rabat-Salé-Kénitra (MA)","HUB_SALE","19490"
"MNASRA  ","19491","Maroc","Rabat-Salé-Kénitra (MA)","HUB_KENITRA","19491"
"MNOUD NEKKOUR  ","19492","Maroc","Tanger-Tétouan-Al Hoceïma (MA)","HUB_ALHOCEIMA","19492"
"MOHAMMEDIA","19493","Maroc","Casablanca-Settat (MA)","HUB_MOHAMMEDIA","19493"
"MOULAY ABDELAH AMGHAR​","19495","Maroc","Casablanca-Settat (MA)","HUB_EL JADIDA","19495"
"MOULAY ABDELKRIM  ","19496","Maroc","Fès-Meknès (MA)","HUB_FES","19496"
"MOULAY BOUCHTA  ","19497","Maroc","Fès-Meknès (MA)","HUB_FES","19497"
"MOULAY BOUSELHAM  ","19498","Maroc","Rabat-Salé-Kénitra (MA)","HUB_KENITRA","19498"
"MOULAY BOUSLHAM  ","19499","Maroc","Rabat-Salé-Kénitra (MA)","HUB_KENITRA","19499"
"MOULAY DRISS ARHBAL  ","19500","Maroc","Rabat-Salé-Kénitra (MA)","HUB_SALE","19500"
"MOULAY DRISS ZERHOUN  ","19501","Maroc","Fès-Meknès (MA)","HUB_MEKNES","19501"
"MOULAY YAKOUB  ","19502","Maroc","Fès-Meknès (MA)","HUB_FES","19502"
"MOUL BARGUI​","19494","Maroc","Marrakech-Safi (MA)","HUB_SAFI","19494"
"MRIRT  ","19503","Maroc","Fès-Meknès (MA)","HUB_MEKNES","19503"
"MSEMRIR  ","19504","Maroc","Drâa-Tafilalet (MA)","HUB_OUARZAZATE","19504"
"MTARNARGHA  ","19505","Maroc","Fès-Meknès (MA)","HUB_FES","19505"
"MZEM SENDHAJA  ","19506","Maroc","Béni Mellal-Khénifra (MA)","HUB_BENI MELLAL","19506"
"M HAJER  ","19464","Maroc","L'Oriental (MA)","HUB_NADOR","19464"
"NADOR  ","19507","Maroc","L'Oriental (MA)","HUB_NADOR","19507"
"NAIIMA​","19508","Maroc","L'Oriental (MA)","HUB_OUJDA","19508"
"NAOUR  ","19509","Maroc","Béni Mellal-Khénifra (MA)","HUB_BENI MELLAL","19509"
"NKHAILA  ","19510","Maroc","Béni Mellal-Khénifra (MA)","HUB_KHOURIBGA","19510"
"NKOB  ","19511","Maroc","Drâa-Tafilalet (MA)","HUB_OUARZAZATE","19511"
"NOUINOUICH  ","19512","Maroc","Tanger-Tétouan-Al Hoceïma (MA)","HUB_TANGER","19512"
"NOUIRATE  ","19513","Maroc","Rabat-Salé-Kénitra (MA)","HUB_KENITRA","19513"
"OLD GHANAM​","19514","Maroc","Casablanca-Settat (MA)","HUB_EL JADIDA","19514"
"OLD SAID LOUED  ","19515","Maroc","Béni Mellal-Khénifra (MA)","HUB_BENI MELLAL","19515"
"OLD SMAIL ","19516","Maroc","Béni Mellal-Khénifra (MA)","HUB_BENI MELLAL","19516"
"OLD YOUSSEF  ","19517","Maroc","Béni Mellal-Khénifra (MA)","HUB_BENI MELLAL","19517"
"OUAD IFRAN  ","19519","Maroc","Fès-Meknès (MA)","HUB_MEKNES","19519"
"OUALEGH  ","19520","Maroc","Fès-Meknès (MA)","HUB_MEKNES","19520"
"OUALIDIA​","19521","Maroc","Casablanca-Settat (MA)","HUB_EL JADIDA","19521"
"OUAOULZEMT  ","19522","Maroc","Fès-Meknès (MA)","HUB_FES","19522"
"OUAOUMANA  ","19523","Maroc","Béni Mellal-Khénifra (MA)","HUB_BENI MELLAL","19523"
"OUAOUZGAN  ","19524","Maroc","Tanger-Tétouan-Al Hoceïma (MA)","HUB_ALHOCEIMA","19524"
"OUARZAZATE  ","19525","Maroc","Drâa-Tafilalet (MA)","HUB_OUARZAZATE","19525"
"OUAZZANE  ","19526","Maroc","Rabat-Salé-Kénitra (MA)","HUB_KENITRA","19526"
"OUED AMLIL​","19527","Maroc","Fès-Meknès (MA)","HUB_TAZA","19527"
"OUED EL MARSSA  ","19528","Maroc","Tanger-Tétouan-Al Hoceïma (MA)","HUB_TANGER","19528"
"OUED LAHMAR  ","19529","Maroc","Fès-Meknès (MA)","HUB_FES","19529"
"OUED LAOU  ","19530","Maroc","Tanger-Tétouan-Al Hoceïma (MA)","HUB_TANGER","19530"
"OUED ZEM  ","19531","Maroc","Béni Mellal-Khénifra (MA)","HUB_KHOURIBGA","19531"
"OUJDA​","19532","Maroc","L'Oriental (MA)","HUB_OUJDA","19532"
"OULAD SAID ","19533","Maroc","Casablanca-Settat (MA)","HUB_SETTAT","19533"
"OULAD SGHIER ","19534","Maroc","Casablanca-Settat (MA)","HUB_SETTAT","19534"
"OULAD BOUBKER  ","19535","Maroc","L'Oriental (MA)","HUB_NADOR","19535"
"OULAD DAOUD  ","19536","Maroc","Rabat-Salé-Kénitra (MA)","HUB_KENITRA","19536"
"OULAD HAMMOU  ","19537","Maroc","Fès-Meknès (MA)","HUB_FES","19537"
"OULAD HASSOUN  ","19538","Maroc","Fès-Meknès (MA)","HUB_FES","19538"
"OULAD JERRAR​","19539","Maroc","Souss-Massa (MA)","HUB_TIZNIT","19539"
"OULAD TALEB​","19540","Maroc","Fès-Meknès (MA)","HUB_TAZA","19540"
"OULAD YA3ICH  ","19541","Maroc","Béni Mellal-Khénifra (MA)","HUB_BENI MELLAL","19541"
"OULAD ZIDOUH","19542","Maroc","Béni Mellal-Khénifra (MA)","HUB_BENI MELLAL","19542"
"OULED AAMAR  ","19543","Maroc","Béni Mellal-Khénifra (MA)","HUB_BENI MELLAL","19543"
"OULED ABDOUNE  ","19544","Maroc","Béni Mellal-Khénifra (MA)","HUB_KHOURIBGA","19544"
"OULED ALI  ","19545","Maroc","Béni Mellal-Khénifra (MA)","HUB_BENI MELLAL","19545"
"OULED AYAD  ","19546","Maroc","Béni Mellal-Khénifra (MA)","HUB_BENI MELLAL","19546"
"OULED AZOUZ  ","19547","Maroc","Béni Mellal-Khénifra (MA)","HUB_KHOURIBGA","19547"
"OULED BEN HAMMADI  ","19548","Maroc","Rabat-Salé-Kénitra (MA)","HUB_KENITRA","19548"
"OULED BERRHIL​","19549","Maroc","Souss-Massa (MA)","HUB_AGADIR","19549"
"OULED BOUGHADI  ","19550","Maroc","Béni Mellal-Khénifra (MA)","HUB_KHOURIBGA","19550"
"OULED DAOUD ZKHANINE  ","19551","Maroc","L'Oriental (MA)","HUB_NADOR","19551"
"OULED DAOUD ZKHANINE  ","19552","Maroc","L'Oriental (MA)","HUB_NADOR","19552"
"OULED FTATA  ","19553","Maroc","Béni Mellal-Khénifra (MA)","HUB_KHOURIBGA","19553"
"OULED KLIBE  ","19554","Maroc","Béni Mellal-Khénifra (MA)","HUB_BENI MELLAL","19554"
"OULED LAABID  ","19555","Maroc","Béni Mellal-Khénifra (MA)","HUB_BENI MELLAL","19555"
"OULED MBAREK  ","19557","Maroc","Béni Mellal-Khénifra (MA)","HUB_BENI MELLAL","19557"
"OULED MOUSSA  ","19558","Maroc","Béni Mellal-Khénifra (MA)","HUB_BENI MELLAL","19558"
"OULED M KOUDOU  ","19556","Maroc","Fès-Meknès (MA)","HUB_FES","19556"
"OULED NACER  ","19559","Maroc","Béni Mellal-Khénifra (MA)","HUB_BENI MELLAL","19559"
"OULED TAYEB  ","19560","Maroc","Fès-Meknès (MA)","HUB_FES","19560"
"OULED TEAIMA​","19561","Maroc","Souss-Massa (MA)","HUB_AGADIR","19561"
"OULED YOUSSEF  ","19562","Maroc","Rabat-Salé-Kénitra (MA)","HUB_KENITRA","19562"
"OULED ZBIR​","19563","Maroc","Fès-Meknès (MA)","HUB_TAZA","19563"
"OUNARA​","19564","Maroc","Marrakech-Safi (MA)","HUB_ESSAOUIRA","19564"
"OUNNANA  ","19565","Maroc","Rabat-Salé-Kénitra (MA)","HUB_KENITRA","19565"
"OURIKA  ","19566","Maroc","Marrakech-Safi (MA)","HUB_MARRAKECH","19566"
"OURTZARH  ","19567","Maroc","Fès-Meknès (MA)","HUB_FES","19567"
"OUTA BOUABANE  ","19568","Maroc","Fès-Meknès (MA)","HUB_FES","19568"
"OUZOUD  ","19569","Maroc","Béni Mellal-Khénifra (MA)","HUB_BENI MELLAL","19569"
"OU LAD ABDELLAH  ","19518","Maroc","Béni Mellal-Khénifra (MA)","HUB_BENI MELLAL","19518"
"PORT MED  ","19570","Maroc","Tanger-Tétouan-Al Hoceïma (MA)","HUB_TANGER","19570"
"QUAA ASSERASSE  ","19571","Maroc","Tanger-Tétouan-Al Hoceïma (MA)","HUB_TANGER","19571"
"RABAT","19572","Maroc","Rabat-Salé-Kénitra (MA)","HUB_RABAT","19572"
"RASS LMA​","19576","Maroc","L'Oriental (MA)","HUB_OUJDA","19576"
"RAS ALMA  ","19573","Maroc","L'Oriental (MA)","HUB_NADOR","19573"
"RAS EL AIN  ","19574","Maroc","Béni Mellal-Khénifra (MA)","HUB_KHOURIBGA","19574"
"RAS TBOUDA  ","19575","Maroc","Fès-Meknès (MA)","HUB_FES","19575"
"RIBAT ALKHIR  ","19577","Maroc","Fès-Meknès (MA)","HUB_FES","19577"
"RISSANI  ","19578","Maroc","Drâa-Tafilalet (MA)","HUB_ERRACHIDIA","19578"
"ROUADI  ","19579","Maroc","Tanger-Tétouan-Al Hoceïma (MA)","HUB_ALHOCEIMA","19579"
"SABT AIT IKO  ","19580","Maroc","Rabat-Salé-Kénitra (MA)","HUB_SALE","19580"
"SABT BEN SASI  ","19581","Maroc","Marrakech-Safi (MA)","HUB_MARRAKECH","19581"
"SAFI​","19582","Maroc","Marrakech-Safi (MA)","HUB_SAFI","19582"
"SAIIDIA​","19583","Maroc","L'Oriental (MA)","HUB_OUJDA","19583"
"sale​","19776","Maroc","L'Oriental (MA)","HUB_RABAT","19776"
"SALÉ  ","19584","Maroc","Rabat-Salé-Kénitra (MA)","HUB_SALE","19584"
"SBAA AYOUN  ","19585","Maroc","Fès-Meknès (MA)","HUB_MEKNES","19585"
"SBOUYA​","19586","Maroc","Guelmim-Oued Noun (MA)","HUB_GUELMIM","19586"
"SEBAA ROUADI  ","19587","Maroc","Fès-Meknès (MA)","HUB_FES","19587"
"SEBT BNI FRASSEN  ","19588","Maroc","Fès-Meknès (MA)","HUB_FES","19588"
"SEBT BNI IKHLEF  ","19589","Maroc","Béni Mellal-Khénifra (MA)","HUB_KHOURIBGA","19589"
"SEBT EL GUIRDANE​","19590","Maroc","Souss-Massa (MA)","HUB_AGADIR","19590"
"SEBT GEZOULA​","19591","Maroc","Marrakech-Safi (MA)","HUB_SAFI","19591"
"SEBT GZOULA​","19592","Maroc","Marrakech-Safi (MA)","HUB_SAFI","19592"
"SEBT RMEL  ","19593","Maroc","Rabat-Salé-Kénitra (MA)","HUB_KENITRA","19593"
"SEFRO  ","19594","Maroc","Fès-Meknès (MA)","HUB_FES","19594"
"SEFSAF  ","19595","Maroc","Rabat-Salé-Kénitra (MA)","HUB_KENITRA","19595"
"SELOUANE  ","19596","Maroc","L'Oriental (MA)","HUB_NADOR","19596"
"SETTAT ","19597","Maroc","Casablanca-Settat (MA)","HUB_SETTAT","19597"
"SFAFAA  ","19598","Maroc","Rabat-Salé-Kénitra (MA)","HUB_KENITRA","19598"
"SIDI RAHAL ","19600","Maroc","Casablanca-Settat (MA)","HUB_CASABLANCA","19600"
"SIDI AADI  ","19601","Maroc","Fès-Meknès (MA)","HUB_MEKNES","19601"
"SIDI ABDELAH​","19603","Maroc","Fès-Meknès (MA)","HUB_TAZA","19603"
"SIDI ABDELAH GHYAT  ","19602","Maroc","Marrakech-Safi (MA)","HUB_MARRAKECH","19602"
"SIDI ABDELKRIM  ","19604","Maroc","Béni Mellal-Khénifra (MA)","HUB_KHOURIBGA","19604"
"SIDI ABDERRAZAK  ","19605","Maroc","Rabat-Salé-Kénitra (MA)","HUB_SALE","19605"
"SIDI ABED​","19606","Maroc","Casablanca-Settat (MA)","HUB_EL JADIDA","19606"
"SIDI AHMED CHERIF  ","19607","Maroc","Rabat-Salé-Kénitra (MA)","HUB_KENITRA","19607"
"SIDI AHMED EL BERNOUSSI  ","19608","Maroc","Fès-Meknès (MA)","HUB_FES","19608"
"SIDI AISSA  ","19609","Maroc","Béni Mellal-Khénifra (MA)","HUB_BENI MELLAL","19609"
"SIDI ALI BORAKBA  ","19611","Maroc","L'Oriental (MA)","HUB_NADOR","19611"
"SIDI ALLAL LEMSEDDER  ","19612","Maroc","Rabat-Salé-Kénitra (MA)","HUB_SALE","19612"
"SIDI AL KAMEL  ","19610","Maroc","Rabat-Salé-Kénitra (MA)","HUB_KENITRA","19610"
"SIDI AMMAR EL HADI  ","19613","Maroc","Rabat-Salé-Kénitra (MA)","HUB_KENITRA","19613"
"SIDI AZZOUZ  ","19614","Maroc","Rabat-Salé-Kénitra (MA)","HUB_SALE","19614"
"SIDI BENOUR​","19615","Maroc","Casablanca-Settat (MA)","HUB_EL JADIDA","19615"
"SIDI BIBI​","19616","Maroc","Souss-Massa (MA)","HUB_AGADIR","19616"
"SIDI BOUATMAN  ","19617","Maroc","Marrakech-Safi (MA)","HUB_MARRAKECH","19617"
"SIDI BOUBKER EL HAJ  ","19618","Maroc","Rabat-Salé-Kénitra (MA)","HUB_KENITRA","19618"
"SIDI BOUKHALKHAL  ","19619","Maroc","Rabat-Salé-Kénitra (MA)","HUB_SALE","19619"
"SIDI BOULAALAM​","19620","Maroc","Marrakech-Safi (MA)","HUB_ESSAOUIRA","19620"
"SIDI BOULENOUAR​","19621","Maroc","L'Oriental (MA)","HUB_OUJDA","19621"
"SIDI BOUSBER  ","19622","Maroc","Rabat-Salé-Kénitra (MA)","HUB_KENITRA","19622"
"SIDI BOUZID​","19623","Maroc","Casablanca-Settat (MA)","HUB_EL JADIDA","19623"
"SIDI DAHBI  ","19624","Maroc","Béni Mellal-Khénifra (MA)","HUB_KHOURIBGA","19624"
"SIDI EL MOKHFI  ","19625","Maroc","Fès-Meknès (MA)","HUB_FES","19625"
"SIDI EL RHANDOUR  ","19626","Maroc","Rabat-Salé-Kénitra (MA)","HUB_SALE","19626"
"SIDI GHANEM​","19627","Maroc","Marrakech-Safi (MA)","HUB_ESSAOUIRA","19627"
"SIDI HJAJ  ","19628","Maroc","Béni Mellal-Khénifra (MA)","HUB_KHOURIBGA","19628"
"SIDI HRAZEM  ","19629","Maroc","Fès-Meknès (MA)","HUB_FES","19629"
"SIDI HSSAIEN  ","19630","Maroc","Tanger-Tétouan-Al Hoceïma (MA)","HUB_TANGER","19630"
"SIDI IFNI​","19631","Maroc","Souss-Massa (MA)","HUB_TIZNIT","19631"
"SIDI JABER​","19633","Maroc","Béni Mellal-Khénifra (MA)","HUB_BENI MELLAL","19633"
"SIDI JABER  ","19632","Maroc","Béni Mellal-Khénifra (MA)","HUB_BENI MELLAL","19632"
"SIDI KACEM  ","19634","Maroc","Rabat-Salé-Kénitra (MA)","HUB_KENITRA","19634"
"SIDI KAOUKI​","19635","Maroc","Marrakech-Safi (MA)","HUB_ESSAOUIRA","19635"
"SIDI LAAROUSSI​","19636","Maroc","Marrakech-Safi (MA)","HUB_ESSAOUIRA","19636"
"SIDI LAHCEN EL YOUSSI  ","19637","Maroc","Fès-Meknès (MA)","HUB_FES","19637"
"SIDI L'MOKHTAR​","19638","Maroc","Marrakech-Safi (MA)","HUB_ESSAOUIRA","19638"
"SIDI M'HAMED OU MERZOUK​","19639","Maroc","Marrakech-Safi (MA)","HUB_ESSAOUIRA","19639"
"SIDI MOHAMED EL AHMAR  ","19640","Maroc","Rabat-Salé-Kénitra (MA)","HUB_KENITRA","19640"
"SIDI MOUSSA LEMHAYA​","19641","Maroc","L'Oriental (MA)","HUB_OUJDA","19641"
"SIDI QANQOUCH  ","19642","Maroc","Tanger-Tétouan-Al Hoceïma (MA)","HUB_TANGER","19642"
"SIDI REDOUANE  ","19643","Maroc","Rabat-Salé-Kénitra (MA)","HUB_KENITRA","19643"
"SIDI SLIMAN  ","19644","Maroc","Rabat-Salé-Kénitra (MA)","HUB_KENITRA","19644"
"SIDI TAIBI  ","19645","Maroc","Rabat-Salé-Kénitra (MA)","HUB_SALE","19645"
"SIDI YAHYA DU GHARB  ","19647","Maroc","Rabat-Salé-Kénitra (MA)","HUB_KENITRA","19647"
"SIDI YAHYA OUSAAD  ","19648","Maroc","Béni Mellal-Khénifra (MA)","HUB_BENI MELLAL","19648"
"SIDI YAHYA OUSAAD  ","19649","Maroc","Béni Mellal-Khénifra (MA)","HUB_BENI MELLAL","19649"
"SIDI YAHYA  ","19646","Maroc","Rabat-Salé-Kénitra (MA)","HUB_KENITRA","19646"
"SIDI YOUSSEF BEN AHMED SENHAJA  ","19650","Maroc","Fès-Meknès (MA)","HUB_FES","19650"
"SID ZWIN ","19599","Maroc","Marrakech-Safi (MA)","HUB_MARRAKECH","19599"
"SKHIRAT​","19651","Maroc","Rabat-Salé-Kénitra (MA)","HUB_TEMARA","19651"
"SKOURA  ","19652","Maroc","Drâa-Tafilalet (MA)","HUB_OUARZAZATE","19652"
"SMIAA  ","19653","Maroc","Fès-Meknès (MA)","HUB_FES","19653"
"SMIMOU​","19654","Maroc","Marrakech-Safi (MA)","HUB_ESSAOUIRA","19654"
"SOUIRIA​","19655","Maroc","Marrakech-Safi (MA)","HUB_SAFI","19655"
"SOUK KHEMIS DADES  ","19656","Maroc","Drâa-Tafilalet (MA)","HUB_OUARZAZATE","19656"
"SOUK LARBA  ","19657","Maroc","Rabat-Salé-Kénitra (MA)","HUB_KENITRA","19657"
"SOUK SEBT OUED BEHT  ","19658","Maroc","Rabat-Salé-Kénitra (MA)","HUB_KENITRA","19658"
"SOUK SEBT OULAD MIMOUN  ","19659","Maroc","Fès-Meknès (MA)","HUB_FES","19659"
"SOUK SEBT OULAD NEMA","19660","Maroc","Béni Mellal-Khénifra (MA)","HUB_BENI MELLAL","19660"
"SOUK TLETA EL GHARB  ","19661","Maroc","Rabat-Salé-Kénitra (MA)","HUB_KENITRA","19661"
"SOUK TNINE MOGHANE  ","19662","Maroc","Rabat-Salé-Kénitra (MA)","HUB_SALE","19662"
"SOUQ KHEMIS SAHEL  ","19663","Maroc","Tanger-Tétouan-Al Hoceïma (MA)","HUB_TANGER","19663"
"SOUQ TNIN SIDI EL YAMANI  ","19664","Maroc","Tanger-Tétouan-Al Hoceïma (MA)","HUB_TANGER","19664"
"STEHAT  ","19665","Maroc","Tanger-Tétouan-Al Hoceïma (MA)","HUB_TANGER","19665"
"STI FADMA  ","19666","Maroc","Marrakech-Safi (MA)","HUB_MARRAKECH","19666"
"TABOUDA  ","19667","Maroc","Rabat-Salé-Kénitra (MA)","HUB_KENITRA","19667"
"TACHRAFAT  ","19668","Maroc","Béni Mellal-Khénifra (MA)","HUB_KHOURIBGA","19668"
"TADDAMOUT  ","19669","Maroc","Fès-Meknès (MA)","HUB_MEKNES","19669"
"TADDART​","19670","Maroc","Dakhla-Oued Ed-Dahab (MA)","HUB_DAKHLA","19670"
"TAFERSIT  ","19672","Maroc","L'Oriental (MA)","HUB_NADOR","19672"
"TAFE TACHTE​","19671","Maroc","Marrakech-Safi (MA)","HUB_ESSAOUIRA","19671"
"TAFOUGHALT​","19673","Maroc","L'Oriental (MA)","HUB_OUJDA","19673"
"TAFRAOUTE​","19675","Maroc","Souss-Massa (MA)","HUB_TIZNIT","19675"
"TAFRAOUT AIT ALI OULAHCEN  ","19674","Maroc","Fès-Meknès (MA)","HUB_FES","19674"
"TAGANT​","19676","Maroc","Guelmim-Oued Noun (MA)","HUB_GUELMIM","19676"
"TAGHAZOUT​","19677","Maroc","Souss-Massa (MA)","HUB_AGADIR","19677"
"TAGHBALT  ","19678","Maroc","Drâa-Tafilalet (MA)","HUB_OUARZAZATE","19678"
"TAGHJIJT​","19679","Maroc","Guelmim-Oued Noun (MA)","HUB_GUELMIM","19679"
"TAGOUNITE  ","19680","Maroc","Drâa-Tafilalet (MA)","HUB_OUARZAZATE","19680"
"TAGZIRET  ","19681","Maroc","Béni Mellal-Khénifra (MA)","HUB_BENI MELLAL","19681"
"TAHLA​","19683","Maroc","Fès-Meknès (MA)","HUB_TAZA","19683"
"TAHLA  ","19682","Maroc","Fès-Meknès (MA)","HUB_FES","19682"
"TAHNAOUT  ","19684","Maroc","Marrakech-Safi (MA)","HUB_MARRAKECH","19684"
"TALA YOUSSEF  ","19685","Maroc","Tanger-Tétouan-Al Hoceïma (MA)","HUB_ALHOCEIMA","19685"
"TALIOUINE​","19686","Maroc","Souss-Massa (MA)","HUB_AGADIR","19686"
"TALMEST​","19687","Maroc","Marrakech-Safi (MA)","HUB_ESSAOUIRA","19687"
"TAMANAR​","19688","Maroc","Marrakech-Safi (MA)","HUB_ESSAOUIRA","19688"
"TAMASSINT  ","19689","Maroc","Tanger-Tétouan-Al Hoceïma (MA)","HUB_ALHOCEIMA","19689"
"TAMEGROUTE  ","19690","Maroc","Drâa-Tafilalet (MA)","HUB_OUARZAZATE","19690"
"TAMESSNA​","19691","Maroc","Rabat-Salé-Kénitra (MA)","HUB_TEMARA","19691"
"TAMLALAT  ","19692","Maroc","Marrakech-Safi (MA)","HUB_MARRAKECH","19692"
"TAMNSORT  ","19693","Maroc","Marrakech-Safi (MA)","HUB_MARRAKECH","19693"
"TAMRI​","19694","Maroc","Souss-Massa (MA)","HUB_AGADIR","19694"
"TAMSAMAN  ","19695","Maroc","Tanger-Tétouan-Al Hoceïma (MA)","HUB_ALHOCEIMA","19695"
"TAMSLOUHT  ","19696","Maroc","Marrakech-Safi (MA)","HUB_MARRAKECH","19696"
"TANANT  ","19697","Maroc","Béni Mellal-Khénifra (MA)","HUB_BENI MELLAL","19697"
"TANGER  ","19698","Maroc","Tanger-Tétouan-Al Hoceïma (MA)","HUB_TANGER","19698"
"TANSIKHT  ","19699","Maroc","Drâa-Tafilalet (MA)","HUB_OUARZAZATE","19699"
"TANTAN​","19700","Maroc","Guelmim-Oued Noun (MA)","HUB_GUELMIM","19700"
"TAOUNAT  ","19701","Maroc","Fès-Meknès (MA)","HUB_FES","19701"
"TAOURIRT​","19702","Maroc","L'Oriental (MA)","HUB_OUJDA","19702"
"TARGHA  ","19703","Maroc","Tanger-Tétouan-Al Hoceïma (MA)","HUB_TANGER","19703"
"TARGUIST  ","19704","Maroc","Tanger-Tétouan-Al Hoceïma (MA)","HUB_ALHOCEIMA","19704"
"TARMIGT  ","19705","Maroc","Drâa-Tafilalet (MA)","HUB_OUARZAZATE","19705"
"TARODANT​","19706","Maroc","Souss-Massa (MA)","HUB_AGADIR","19706"
"TAZA​","19707","Maroc","Fès-Meknès (MA)","HUB_TAZA","19707"
"TAZAGHINE  ","19708","Maroc","Tanger-Tétouan-Al Hoceïma (MA)","HUB_ALHOCEIMA","19708"
"TAZARINE  ","19709","Maroc","Drâa-Tafilalet (MA)","HUB_OUARZAZATE","19709"
"TAZNAKHT  ","19710","Maroc","Drâa-Tafilalet (MA)","HUB_OUARZAZATE","19710"
"TAZOUTA  ","19711","Maroc","Fès-Meknès (MA)","HUB_FES","19711"
"TELATA RISSANA  ","19713","Maroc","Tanger-Tétouan-Al Hoceïma (MA)","HUB_TANGER","19713"
"TELAT AZLAF  ","19712","Maroc","L'Oriental (MA)","HUB_NADOR","19712"
"TELOUET  ","19714","Maroc","Drâa-Tafilalet (MA)","HUB_OUARZAZATE","19714"
"TEMARA​","19715","Maroc","Rabat-Salé-Kénitra (MA)","HUB_TEMARA","19715"
"TEROUAL  ","19716","Maroc","Rabat-Salé-Kénitra (MA)","HUB_KENITRA","19716"
"TETOUAN  ","19717","Maroc","Tanger-Tétouan-Al Hoceïma (MA)","HUB_TANGER","19717"
"TIDILI  ","19718","Maroc","Drâa-Tafilalet (MA)","HUB_OUARZAZATE","19718"
"TIFLET  ","19719","Maroc","Rabat-Salé-Kénitra (MA)","HUB_SALE","19719"
"TIGHASALIN  ","19720","Maroc","Béni Mellal-Khénifra (MA)","HUB_BENI MELLAL","19720"
"TIGHIRT​","19721","Maroc","Souss-Massa (MA)","HUB_TIZNIT","19721"
"TIGHMI​","19722","Maroc","Dakhla-Oued Ed-Dahab (MA)","HUB_DAKHLA","19722"
"TIGHZA  ","19723","Maroc","Fès-Meknès (MA)","HUB_MEKNES","19723"
"TIKIOUINE​","19724","Maroc","Souss-Massa (MA)","HUB_AGADIR","19724"
"TILMI  ","19725","Maroc","Drâa-Tafilalet (MA)","HUB_OUARZAZATE","19725"
"TIMAHDITE  ","19727","Maroc","Fès-Meknès (MA)","HUB_MEKNES","19727"
"TIMDELINE  ","19728","Maroc","Drâa-Tafilalet (MA)","HUB_OUARZAZATE","19728"
"TIMEZGANA  ","19729","Maroc","Fès-Meknès (MA)","HUB_FES","19729"
"TIMOULAY​","19730","Maroc","Guelmim-Oued Noun (MA)","HUB_GUELMIM","19730"
"TIMOULILT  ","19731","Maroc","Béni Mellal-Khénifra (MA)","HUB_BENI MELLAL","19731"
"TIM DGHAS  ","19726","Maroc","Béni Mellal-Khénifra (MA)","HUB_BENI MELLAL","19726"
"TINEJDAD  ","19732","Maroc","Drâa-Tafilalet (MA)","HUB_ERRACHIDIA","19732"
"TINGHIR  ","19733","Maroc","Drâa-Tafilalet (MA)","HUB_ERRACHIDIA","19733"
"TINZOULINE  ","19734","Maroc","Drâa-Tafilalet (MA)","HUB_OUARZAZATE","19734"
"TIOUGHZA​","19735","Maroc","Souss-Massa (MA)","HUB_TIZNIT","19735"
"TISSA  ","19736","Maroc","Fès-Meknès (MA)","HUB_FES","19736"
"TIZIRINE  ","19740","Maroc","L'Oriental (MA)","HUB_NADOR","19740"
"TIZI NISLI  ","19737","Maroc","Béni Mellal-Khénifra (MA)","HUB_BENI MELLAL","19737"
"TIZI OUASLI  ","19738","Maroc","L'Oriental (MA)","HUB_NADOR","19738"
"TIZI TCHEN  ","19739","Maroc","Tanger-Tétouan-Al Hoceïma (MA)","HUB_ALHOCEIMA","19739"
"TIZNIT​","19741","Maroc","Souss-Massa (MA)","HUB_TIZNIT","19741"
"TIZTOUTINE  ","19742","Maroc","L'Oriental (MA)","HUB_NADOR","19742"
"TLAT LOULED  ","19743","Maroc","Béni Mellal-Khénifra (MA)","HUB_KHOURIBGA","19743"
"TLAT GNADIZ  ","19744","Maroc","Béni Mellal-Khénifra (MA)","HUB_KHOURIBGA","19744"
"TLETA EL HENCHANE​","19746","Maroc","Marrakech-Safi (MA)","HUB_ESSAOUIRA","19746"
"TLET OULED FARS  ","19745","Maroc","Béni Mellal-Khénifra (MA)","HUB_KHOURIBGA","19745"
"TNIN LGHARBIA​","19747","Maroc","Marrakech-Safi (MA)","HUB_SAFI","19747"
"TORRES DE ALCALA  ","19748","Maroc","Tanger-Tétouan-Al Hoceïma (MA)","HUB_ALHOCEIMA","19748"
"TOUIMA  ","19749","Maroc","L'Oriental (MA)","HUB_NADOR","19749"
"TOUNDOUTE  ","19750","Maroc","Drâa-Tafilalet (MA)","HUB_OUARZAZATE","19750"
"TOUROUG  ","19751","Maroc","Drâa-Tafilalet (MA)","HUB_ERRACHIDIA","19751"
"TROUGOUT  ","19752","Maroc","Tanger-Tétouan-Al Hoceïma (MA)","HUB_ALHOCEIMA","19752"
"VILLE IBN BATOUTA  ","19753","Maroc","Tanger-Tétouan-Al Hoceïma (MA)","HUB_TANGER","19753"
"WAWIZAGHET  ","19754","Maroc","Béni Mellal-Khénifra (MA)","HUB_BENI MELLAL","19754"
"YOUSOUFIA​","19755","Maroc","Marrakech-Safi (MA)","HUB_SAFI","19755"
"ZAG​","19756","Maroc","Guelmim-Oued Noun (MA)","HUB_GUELMIM","19756"
"ZAGORA  ","19757","Maroc","Drâa-Tafilalet (MA)","HUB_OUARZAZATE","19757"
"ZAIO  ","19758","Maroc","L'Oriental (MA)","HUB_NADOR","19758"
"ZAOUIAT CHEIKH  ","19762","Maroc","Béni Mellal-Khénifra (MA)","HUB_BENI MELLAL","19762"
"ZAOUIAT SIDI SMAIL​","19763","Maroc","Casablanca-Settat (MA)","HUB_EL JADIDA","19763"
"ZAOUIA BOUGRINE  ","19759","Maroc","Fès-Meknès (MA)","HUB_FES","19759"
"ZAOUIA KADIRIA ","19760","Maroc","Rabat-Salé-Kénitra (MA)","HUB_SALE","19760"
"ZAOUIA SIDI KACEM  ","19761","Maroc","Rabat-Salé-Kénitra (MA)","HUB_KENITRA","19761"
"ZAWIT BENHMIDA​","19764","Maroc","Marrakech-Safi (MA)","HUB_ESSAOUIRA","19764"
"ZAYDA  ","19765","Maroc","Fès-Meknès (MA)","HUB_MEKNES","19765"
"ZEMAMRA​","19766","Maroc","Casablanca-Settat (MA)","HUB_EL JADIDA","19766"
"ZERADA  ","19767","Maroc","Fès-Meknès (MA)","HUB_FES","19767"
"ZGHANGHAN  ","19768","Maroc","L'Oriental (MA)","HUB_NADOR","19768"
"ZHILIGA  ","19769","Maroc","Béni Mellal-Khénifra (MA)","HUB_KHOURIBGA","19769"
"ZIRARA  ","19770","Maroc","Rabat-Salé-Kénitra (MA)","HUB_SALE","19770"
"ZOUAYAR  ","19771","Maroc","Béni Mellal-Khénifra (MA)","HUB_BENI MELLAL","19771"
"ZRIZER  ","19772","Maroc","Fès-Meknès (MA)","HUB_FES","19772"
